{
    "accuracy": 0.8268156424581006,
    "precision": 0.8275862068965517,
    "recall": 0.6956521739130435,
    "f1": 0.7559055118110236
}